{
  "bins_per_dimension": 10,
  "n_actions": 3,
  "alpha": 0.1,
  "gamma": 0.99,
  "epsilon_final": 0.07341467529625044,
  "total_states": 1000000,
  "rewards_mean_last_20": 226.29073292253548
}